mean,sd
126267.4314069776,7367.5545158241
120530.01063982098,3814.141889917979
119273.77476750723,2316.7174675269134
